{
  "accuracy": 0.965,
  "roc_auc": 0.9962,
  "feature_names": [
    "Gender",
    "Location",
    "Category",
    "Class 8 %",
    "Class 9 %",
    "Class 10 %",
    "Class 11 %",
    "Class 12 %",
    "CGPA",
    "Academic Score",
    "Parents Income",
    "Age"
  ],
  "feature_importances": [
    0.003085168767112825,
    0.04722735758228884,
    0.4291014120872572,
    0.03017944046758231,
    0.02950450253544679,
    0.03183727304986715,
    0.03515040292926793,
    0.04823278129284811,
    0.05019567213113846,
    0.06042262358083167,
    0.22013643489243598,
    0.014926930683922769
  ],
  "encoders": {
    "gender": {
      "female": 0,
      "male": 1,
      "other": 2
    },
    "location": {
      "rural": 0,
      "urban": 1
    },
    "category": {
      "General": 0,
      "NRI": 1,
      "OBC": 2,
      "SC": 3,
      "ST": 4
    }
  },
  "training_samples": 12000,
  "test_samples": 3000,
  "eligibility_rate": 0.6780666666666667,
  "threshold": 45,
  "default_weights": {
    "class_8": 0.1,
    "class_9": 0.1,
    "class_10": 0.25,
    "class_11": 0.1,
    "class_12": 0.2,
    "CGPA": 0.25
  },
  "default_category_bonuses": {
    "SC": 20,
    "ST": 20,
    "OBC": 12,
    "General": 0,
    "NRI": -10
  },
  "sample_shap_examples": [
    {
      "contributions": [
        -0.0008408636223949085,
        0.07362200085498985,
        0.2024165921516218,
        -0.006840833284345043,
        0.0013350573914505677,
        -0.008864682578470721,
        -0.03751686806721216,
        -0.04675147393423528,
        -0.05423198690275683,
        -0.031045122899298363,
        0.14561857260928587,
        -0.035620510839543665
      ],
      "prediction": 1,
      "actual": 1
    },
    {
      "contributions": [
        -0.00412782506693341,
        -0.08346854757306504,
        0.3529701504666732,
        -0.026214465066743842,
        -0.014984293566034505,
        -0.035533557184672555,
        -0.03675849927468155,
        -0.0353674300019638,
        -0.05487332499206458,
        -0.05830377503259536,
        0.3142857972885928,
        -0.03412634242693283
      ],
      "prediction": 1,
      "actual": 1
    },
    {
      "contributions": [
        -0.001392042627410843,
        0.16955182542559136,
        0.3377021133261611,
        -0.006653000280893393,
        -0.01639914980156925,
        -0.011852447029025407,
        -0.006344767248262744,
        -0.031744797318134975,
        -0.027740417089577543,
        -0.010953443539535892,
        -0.2813778141845991,
        -0.022250740507424295
      ],
      "prediction": 1,
      "actual": 1
    },
    {
      "contributions": [
        6.757691386307528e-05,
        -0.036045792531226244,
        -0.28786325395613394,
        -0.023769045507376872,
        -0.027059106234959086,
        -0.029057884349318844,
        -0.027925766609866523,
        -0.04597264121654146,
        -0.051389024255935695,
        -0.057689759129460116,
        -0.0880453760341174,
        -0.003996593755593567
      ],
      "prediction": 0,
      "actual": 0
    },
    {
      "contributions": [
        -0.0006220083872672194,
        0.08637007386487845,
        -0.2837988832549958,
        0.0074995160469304226,
        -0.02682317782417265,
        0.028937961902743593,
        -0.02242133921746114,
        -0.044751920164612144,
        -0.01452174607296363,
        -0.014828774417702265,
        -0.0907964498600606,
        0.03307613764673079
      ],
      "prediction": 0,
      "actual": 1
    },
    {
      "contributions": [
        -0.00011776898436027916,
        -0.00926690866411014,
        0.11805860697783428,
        0.018388507350869897,
        0.004625023568858228,
        0.014897864104559337,
        0.021864362865636946,
        0.03651590711161289,
        0.023627713785330014,
        0.038021334043086746,
        0.04806012562526933,
        -8.810111792058373e-05
      ],
      "prediction": 1,
      "actual": 1
    },
    {
      "contributions": [
        0.0014567778330844539,
        0.06351312495680328,
        -0.20882694975072577,
        0.02092770615775333,
        0.0133667201974007,
        0.0031891331602698324,
        0.01939552561813931,
        0.05376973848009951,
        0.051658946409687816,
        0.058281557504607374,
        0.1905773070472289,
        0.02859269979877691
      ],
      "prediction": 1,
      "actual": 1
    },
    {
      "contributions": [
        -0.001579642062198165,
        -0.07003714606392053,
        -0.11637775227681263,
        0.008544624178430292,
        0.02882162554483452,
        0.008468590659321104,
        0.011920607333299077,
        0.02244456439938586,
        0.030472813335156425,
        0.03276450872363025,
        0.1667468659277362,
        -0.015123199897640655
      ],
      "prediction": 1,
      "actual": 1
    },
    {
      "contributions": [
        -0.0003520101638904605,
        -0.05251801929011228,
        -0.24150641622535848,
        0.022641464541748525,
        0.01792079703516828,
        -0.0033047089271804066,
        0.023381618084960035,
        0.048988010541650515,
        0.05041808593092065,
        0.06574066825188997,
        0.2998932134291207,
        0.029302665203568046
      ],
      "prediction": 1,
      "actual": 1
    },
    {
      "contributions": [
        0.0,
        -0.009206629885519946,
        0.10206101096688137,
        0.02053040050234978,
        0.008842457844218951,
        0.01580931832623341,
        0.02317724409925928,
        0.03469447988084377,
        0.034524476403250695,
        0.042574103553102566,
        0.05168837403958946,
        -0.0034419023968760053
      ],
      "prediction": 1,
      "actual": 1
    }
  ],
  "stats": {
    "class_8_pct": {
      "min": 30.0,
      "max": 100.0,
      "mean": 61.27
    },
    "class_9_pct": {
      "min": 30.0,
      "max": 100.0,
      "mean": 61.23
    },
    "class_10_pct": {
      "min": 30.0,
      "max": 100.0,
      "mean": 61.27
    },
    "class_11_pct": {
      "min": 30.0,
      "max": 100.0,
      "mean": 61.21
    },
    "class_12_pct": {
      "min": 30.0,
      "max": 100.0,
      "mean": 61.26
    },
    "CGPA_pct": {
      "min": 30.0,
      "max": 100.0,
      "mean": 61.18
    },
    "academic_score": {
      "min": 30.0,
      "max": 100.0,
      "mean": 61.24
    },
    "income": {
      "min": 20002,
      "max": 299954,
      "mean": 160561.0
    },
    "age": {
      "min": 18,
      "max": 30,
      "mean": 23.97
    }
  }
}