{
  "accuracy": 0.9737,
  "roc_auc": 0.9969,
  "feature_names": [
    "Gender",
    "Location",
    "Category",
    "Class 8 %",
    "Class 9 %",
    "Class 10 %",
    "Class 11 %",
    "Class 12 %",
    "CGPA",
    "Academic Score",
    "Parents Income",
    "Age"
  ],
  "feature_importances": [
    0.0026441304674779914,
    0.045914428203110834,
    0.4318595774360251,
    0.028833686427965965,
    0.02699743806620588,
    0.03494586229240172,
    0.040903039031178215,
    0.049314349888891884,
    0.03967108774871505,
    0.06455300307818553,
    0.21857718458178213,
    0.015786212778059527
  ],
  "encoders": {
    "gender": {
      "female": 0,
      "male": 1,
      "other": 2
    },
    "location": {
      "rural": 0,
      "urban": 1
    },
    "category": {
      "General": 0,
      "NRI": 1,
      "OBC": 2,
      "SC": 3,
      "ST": 4
    }
  },
  "training_samples": 12000,
  "test_samples": 3000,
  "eligibility_rate": 0.6778,
  "threshold": 45,
  "default_weights": {
    "class_8": 0.1,
    "class_9": 0.1,
    "class_10": 0.25,
    "class_11": 0.1,
    "class_12": 0.2,
    "CGPA": 0.25
  },
  "default_category_bonuses": {
    "SC": 20,
    "ST": 20,
    "OBC": 12,
    "General": 0,
    "NRI": -10
  },
  "sample_shap_examples": [
    {
      "contributions": [
        0.006183797853617929,
        -0.05904751143194531,
        -0.27245787583548553,
        0.009651571062281246,
        -0.03247120096121567,
        0.03242059215408783,
        0.02409051572890503,
        0.030181767943411028,
        0.04524752443557401,
        0.055570154983288156,
        0.316469309900184,
        0.03151766726652616
      ],
      "prediction": 1,
      "actual": 1
    },
    {
      "contributions": [
        0.0004350783101911104,
        0.02278890098202357,
        0.17505824245306673,
        0.0003716826037505527,
        0.0038014055320764683,
        -0.004983902330981686,
        0.011190696767341293,
        0.024010484128779756,
        0.008206970052129121,
        0.02321156220251866,
        0.05820161370091393,
        -0.011653997498616063
      ],
      "prediction": 1,
      "actual": 1
    },
    {
      "contributions": [
        0.0010657502442648426,
        -0.022160533027199048,
        0.2419131708463876,
        0.0014327039130916253,
        -0.00692748554243031,
        -0.019611364705465668,
        0.014274795667246685,
        0.033704308175673756,
        0.011521426097270334,
        -0.00903726500038841,
        0.04377571341166678,
        0.0006829336916419121
      ],
      "prediction": 1,
      "actual": 1
    },
    {
      "contributions": [
        0.00104394434949628,
        0.0658693591250395,
        -0.4270139394502221,
        -0.012333730161608526,
        8.165060255470591e-05,
        0.03548424315113396,
        0.010663512326503883,
        0.04116673400179445,
        -0.00606994568151546,
        0.01768487159571706,
        -0.2026552289879875,
        0.0288312468045325
      ],
      "prediction": 0,
      "actual": 0
    },
    {
      "contributions": [
        0.0001815575775908751,
        -0.012116718741963321,
        0.2048580262847419,
        0.015534881386301618,
        0.011694865084013673,
        0.001354431218143859,
        0.015893808799332994,
        0.030933153010521054,
        0.02889769764120933,
        0.03467255264656189,
        -0.03062552509875867,
        0.004116191242836515
      ],
      "prediction": 1,
      "actual": 1
    },
    {
      "contributions": [
        0.0,
        -0.008611343647342977,
        0.12462539777286154,
        0.021512323346606736,
        0.010936002584857545,
        0.021232201315792967,
        0.029187354119244585,
        0.034049370426577276,
        0.0238351413642944,
        0.043159606416008744,
        0.020499358124243087,
        0.0010637548435228261
      ],
      "prediction": 1,
      "actual": 1
    },
    {
      "contributions": [
        -0.0032806691275532305,
        0.05738922022487504,
        -0.2388945194631145,
        0.017785588553181554,
        0.029868391577474895,
        0.03454139120142318,
        0.0405343332927327,
        0.027158577596602455,
        0.034908397352305824,
        0.07156706142545205,
        0.2086084363215011,
        0.009489716438722604
      ],
      "prediction": 1,
      "actual": 1
    },
    {
      "contributions": [
        0.0023513426748513065,
        -0.05719445061243086,
        -0.0765381502292933,
        0.006860382736875597,
        0.016304645402242322,
        0.04643408034356425,
        0.03779058844786508,
        0.006587106117023163,
        0.053927529309444326,
        0.05027581249924161,
        0.07810187728387509,
        -0.002062044407586475
      ],
      "prediction": 1,
      "actual": 1
    },
    {
      "contributions": [
        -0.0005993557238355274,
        0.010803120557562954,
        0.11625718619759223,
        0.021268579370071875,
        0.006552851107298755,
        0.018152428888883056,
        0.02809238464928111,
        0.031709255462607194,
        0.023381356312830944,
        0.03686829322173017,
        0.024599715424183793,
        -0.0009299821348732118
      ],
      "prediction": 1,
      "actual": 1
    },
    {
      "contributions": [
        0.009096074134010026,
        -0.06717420226694729,
        -0.08387087271528905,
        0.041626839058828066,
        0.03436121675313877,
        0.07235495344036068,
        0.04619512457904195,
        0.04565973061334591,
        0.053949688058575494,
        0.0930374581832711,
        -0.021747164404944522,
        -0.003747629767436493
      ],
      "prediction": 1,
      "actual": 1
    }
  ],
  "stats": {
    "class_8_pct": {
      "min": 30.0,
      "max": 100.0,
      "mean": 61.2
    },
    "class_9_pct": {
      "min": 30.0,
      "max": 100.0,
      "mean": 61.25
    },
    "class_10_pct": {
      "min": 30.0,
      "max": 100.0,
      "mean": 61.3
    },
    "class_11_pct": {
      "min": 30.0,
      "max": 100.0,
      "mean": 61.2
    },
    "class_12_pct": {
      "min": 30.0,
      "max": 100.0,
      "mean": 61.19
    },
    "CGPA_pct": {
      "min": 30.0,
      "max": 100.0,
      "mean": 61.21
    },
    "academic_score": {
      "min": 30.0,
      "max": 100.0,
      "mean": 61.23
    },
    "income": {
      "min": 20002,
      "max": 299954,
      "mean": 160561.0
    },
    "age": {
      "min": 18,
      "max": 30,
      "mean": 23.97
    }
  }
}